word,tfidf,tf
socket sendmsg,12.581002766235118,15.078304713601346
socket socket,6.320999315994737,7.293745532965133
ioctl ioctl,6.1829166726032065,8.776478037207996
socket ioctl,6.0486122863664615,6.8364577580460955
ioctl sendmsg,5.579590142345477,5.973636070295853
socket ioctl sendmsg,5.335548558346555,5.232312818899691
socket socket ioctl,5.318730246274264,5.23231281889969
socket socket ioctl sendmsg,5.17038573394863,4.898979485566357
syz_open_dev ioctl,5.07466416793478,5.832318466770006
openat write,4.934243848165477,5.827104346868768
socket setsockopt,4.124785980699577,4.654623118638517
openat ioctl,4.097518675215215,4.317013858443759
syz_io_uring_setup syz_io_uring_submit,3.41451856364722,3.6329931618554525
sendmsg socket,3.1868012958962364,3.3217225823297953
syz_mount_image openat,2.7753278314090917,2.879497610893732
sendmsg socket sendmsg,2.683113829341003,2.3795192333068034
socket sendmsg socket sendmsg,2.534052329066219,2.1213203435596424
socket sendmsg socket,2.534052329066219,2.1213203435596424
openat ioctl ioctl,2.4306534327094806,2.276573743923878
write write,2.416146607300955,2.6675049346939685
socket bind,2.4070632512086165,3.1113266392207497
syz_open_dev ioctl ioctl,2.07855582446589,2.158690601760126
socketpair ioctl,1.8629918101307184,1.918438621738695
syz_init_net_socket connect,1.706893399377553,1.746381120135329
openat write write,1.6923146057246559,1.5082539289725254
write ioctl,1.6576227325083344,2.0489023465028904
perf_event_open io_uring_setup,1.5626191400684606,1.5773502691896257
syz_usb_connect syz_usb_control_io,1.5174128382792063,1.5758689583696663
ioctl socket,1.4901439137726593,1.6793753764720023
openat openat,1.4631414012079258,1.755367673458807
sendmsg sendmsg,1.4622464067431455,1.5817067417913744
socket connect,1.4580533448586237,1.5629488288431146
syz_mount_image syz_mount_image,1.4275661557888062,1.4082482904638631
syz_io_uring_submit io_uring_enter,1.4194744191653674,1.6662276937553815
getsockname socket,1.398833051576478,1.4082482904638631
syz_mount_image mount,1.3836016214582125,1.4082482904638631
getsockname sendmsg,1.3534044740469486,1.409272506573701
ioctl ioctl ioctl,1.3268817978073943,1.2884094112873712
syz_usb_ep_write syz_usb_ep_write,1.2960368038512606,1.3306295642645263
ioctl write,1.290492387009115,1.607854478266451
mmap socket,1.2608180646293439,1.2850425973524238
bind getsockname,1.2373431923495777,1.2182178902359924
socket bind getsockname,1.2373431923495777,1.2182178902359924
open open,1.2194404421214855,1.4727911721078373
socket sendmsg getsockname sendmsg,1.2023824838411943,1.191054616337709
sendmsg getsockname,1.2023824838411943,1.191054616337709
sendmsg getsockname sendmsg sendmsg,1.2023824838411943,1.191054616337709
socket sendmsg getsockname,1.2023824838411943,1.191054616337709
sendmsg getsockname sendmsg,1.2023824838411943,1.191054616337709
getsockname sendmsg sendmsg,1.2023824838411943,1.191054616337709
syz_mount_image creat,1.1735484755472294,1.3690614659261766
syz_usb_connect syz_usb_connect,1.1339416646683613,1.2440169358562925
setsockopt socket,1.1139899176251316,1.1912091375446017
io_uring_setup io_uring_register,1.1115801057905599,1.1547005383792517
getsockname socket sendmsg,1.079672515360963,1.0
bind getsockname socket,1.079672515360963,1.0
bind getsockname socket sendmsg,1.079672515360963,1.0
socket bind getsockname socket,1.079672515360963,1.0
sendmmsg io_uring_enter,1.0774872782655,1.1051717155225391
syz_io_uring_submit sendmmsg,1.0774872782655,1.1051717155225391
syz_io_uring_submit sendmmsg io_uring_enter,1.0774872782655,1.1051717155225391
syz_mount_image open,1.076112379175089,1.2595855410639665
openat mount,1.0556798825780924,1.2344501281577094
open mmap,1.050170923762327,1.2190120652094747
syz_open_dev memfd_create,1.0218499543485606,1.1038141554252863
ioctl openat,1.0035082531177975,1.0347407758041238
syz_genetlink_get_family_id sendmsg,1.0028980712147368,1.1334576460813184
syz_open_dev read,1.0,1.0
syz_usbip_server_init pkey_mprotect,1.0,1.0
syz_open_dev syz_usbip_server_init,1.0,1.0
perf_event_open perf_event_open,1.0,1.0
perf_event_open mmap,1.0,1.0
symlink syz_mount_image,1.0,1.0
quotactl syz_mount_image,1.0,1.0
syz_mount_image unlink,1.0,1.0
mkdirat mount,1.0,1.0
syz_io_uring_setup io_uring_enter,1.0,1.0
socket socket sendmsg,0.990306981372668,0.9328557265905477
socket socket sendmsg getsockname,0.990306981372668,0.9328557265905477
connect recvmmsg,0.9839706873671525,0.9855985596534889
socket connect recvmmsg,0.9839706873671525,0.9855985596534889
mmap socket setsockopt,0.9710330802244826,0.8788616137673895
socketpair socketpair,0.9582171557577868,0.9855985596534889
ioctl socket sendmsg,0.9511549207207864,0.8164965809277261
socket ioctl socket sendmsg,0.9511549207207864,0.8164965809277261
socket ioctl socket,0.9511549207207864,0.8164965809277261
syz_open_dev write,0.9193766321916982,0.9106836025229592
syz_mount_image open open,0.8869092411944194,1.0013866513168055
ioctl syz_open_dev,0.8747377342254621,0.8542879053767678
syz_io_uring_setup syz_io_uring_submit sendmmsg io_uring_enter,0.8616253432466421,0.8164965809277261
syz_io_uring_setup syz_io_uring_submit sendmmsg,0.8616253432466421,0.8164965809277261
syz_io_uring_setup syz_memcpy_off,0.8453161534414396,0.9246460699581852
syz_mount_image openat write,0.843708738591872,0.8794976108937314
chdir openat,0.842409217962397,0.9340317135270717
socket bind listen,0.8407035638419638,0.8660254037844388
bind listen,0.8407035638419638,0.8660254037844388
ioctl sendmsg socket,0.8308877033554571,0.8097501133164868
socket syz_genetlink_get_family_id,0.7891882428553006,0.8117323587552803
openat writev,0.7738489679446522,0.8130525295851417
syz_usb_ep_write syz_usb_ep_write syz_usb_ep_write,0.767618288409895,0.7865825946504296
syz_open_dev memfd_create pwritev ioctl,0.7569322242121483,0.770480822091953
pwritev ioctl,0.7569322242121483,0.770480822091953
syz_open_dev memfd_create pwritev,0.7569322242121483,0.770480822091953
memfd_create pwritev,0.7569322242121483,0.770480822091953
memfd_create pwritev ioctl,0.7569322242121483,0.770480822091953
ioctl sendfile,0.7569322242121483,0.770480822091953
socket socket socket,0.7536228610134224,0.6746568368433867
socket socket socket sendmsg,0.7536228610134224,0.6746568368433867
syz_mount_image chdir,0.75112095449017,0.8364006405892541
syz_init_net_socket connect shutdown,0.747542931257162,0.7463811201353292
connect shutdown,0.747542931257162,0.7463811201353292
syz_io_uring_submit syz_io_uring_submit,0.7395661791285177,0.7415816237971964
syz_io_uring_submit syz_io_uring_submit io_uring_enter,0.7395661791285177,0.7415816237971964
socket syz_open_dev,0.7362451507609141,0.7395143169183676
sendmsg sendmmsg,0.7328577694619537,0.7000235777331324
syz_usb_control_io syz_usb_control_io,0.7325483056407887,0.7276068751089989
syz_init_net_socket syz_genetlink_get_family_id,0.7262945871795154,0.7415816237971964
syz_init_net_socket syz_init_net_socket syz_genetlink_get_family_id,0.7262945871795154,0.7415816237971964
syz_init_net_socket syz_init_net_socket,0.7262945871795154,0.7415816237971964
socket socketpair,0.7261034060717241,0.7826399425884616
syz_mount_image setxattr,0.7225460313242499,0.7618016810571369
setxattr setxattr,0.7132540129962059,0.7071067811865475
syz_mount_image creat open,0.7040732677857299,0.7425952852263211
creat open,0.7040732677857299,0.7425952852263211
syz_open_dev fcntl,0.6926262344854646,0.721208405126594
socket syz_genetlink_get_family_id ioctl,0.6811617559190362,0.6555585968666742
syz_genetlink_get_family_id ioctl,0.6811617559190362,0.6555585968666742
creat ftruncate,0.6791800488856441,0.7346156697303146
syz_open_dev ioctl syz_open_dev,0.6648742984717813,0.6117522803404348
sendmsg socket sendmmsg,0.6618876856629439,0.5915322230804945
socket sendmmsg,0.6618876856629439,0.5915322230804945
syz_open_dev write ioctl,0.6449195054575635,0.5773502691896258
open mmap fallocate,0.6431202043533985,0.6721380408675006
mmap fallocate,0.6431202043533985,0.6721380408675006
write syz_open_pts ioctl,0.624049022229572,0.6220084679281462
syz_open_pts ioctl,0.624049022229572,0.6220084679281462
write syz_open_pts,0.624049022229572,0.6220084679281462
ioctl write syz_open_pts ioctl,0.624049022229572,0.6220084679281462
ioctl write syz_open_pts,0.624049022229572,0.6220084679281462
ftruncate sendfile,0.6230818168547537,0.6764753359777324
syz_usb_connect_ath9k syz_usb_ep_write,0.622801394426742,0.650783915500196
openat write mmap,0.6152149366745824,0.6636994101597435
write mmap,0.6152149366745824,0.6636994101597435
ftruncate ioctl,0.6144364693813602,0.6220084679281462
syz_open_dev socketpair,0.6118723819082504,0.5440469696140966
syz_open_dev socketpair ioctl,0.6118723819082504,0.5440469696140966
socketpair ioctl ioctl ioctl,0.6118723819082504,0.5440469696140966
socketpair ioctl ioctl,0.6118723819082504,0.5440469696140966
syz_open_dev socketpair ioctl ioctl,0.6118723819082504,0.5440469696140966
syz_open_dev syz_open_dev,0.61001205365778,0.5758689583696663
syz_open_dev syz_open_dev ioctl,0.61001205365778,0.5758689583696663
syz_open_dev fcntl ioctl,0.6068127310998381,0.5887551694200897
fcntl ioctl,0.6068127310998381,0.5887551694200897
perf_event_open io_uring_setup io_uring_register,0.6057387278829478,0.5773502691896258
mount read,0.6014139671147751,0.6570998589680836
openat mount read,0.6014139671147751,0.6570998589680836
syz_io_uring_setup socket,0.6013993192476412,0.6220084679281462
openat syz_usb_connect,0.6006872428372083,0.5773502691896258
socket connect connect,0.6006872428372083,0.5773502691896258
connect connect,0.6006872428372083,0.5773502691896258
openat syz_usb_connect syz_usb_connect,0.6006872428372083,0.5773502691896258
write setsockopt,0.6006836671892359,0.6251787482825193
socket bind listen setsockopt,0.5989741108474617,0.5773502691896258
listen setsockopt socket sendto,0.5989741108474617,0.5773502691896258
setsockopt socket sendto,0.5989741108474617,0.5773502691896258
socket sendto,0.5989741108474617,0.5773502691896258
bind listen setsockopt socket,0.5989741108474617,0.5773502691896258
bind listen setsockopt,0.5989741108474617,0.5773502691896258
listen setsockopt socket,0.5989741108474617,0.5773502691896258
listen setsockopt,0.5989741108474617,0.5773502691896258
sendmsg ioctl,0.5923790737539681,0.5644220523524691
io_uring_setup io_uring_register io_uring_enter,0.5910337799624741,0.5773502691896258
socketpair socketpair sendmsg,0.5910337799624741,0.5773502691896258
io_uring_register io_uring_enter,0.5910337799624741,0.5773502691896258
socketpair sendmsg,0.5910337799624741,0.5773502691896258
mmap openat,0.5910337799624741,0.5773502691896258
mmap openat writev,0.5910337799624741,0.5773502691896258
open ftruncate,0.5900755212730245,0.6539787066260871
openat mount openat,0.5788491692501525,0.5773502691896258
openat mount openat mount_setattr,0.5788491692501525,0.5773502691896258
openat mount_setattr,0.5788491692501525,0.5773502691896258
mount openat mount_setattr,0.5788491692501525,0.5773502691896258
mount openat,0.5788491692501525,0.5773502691896258
openat openat mount openat,0.5788491692501525,0.5773502691896258
openat openat mount,0.5788491692501525,0.5773502691896258
mknod mount,0.5773502691896257,0.5773502691896258
syz_mount_image fspick fsconfig,0.5773502691896257,0.5773502691896258
fspick fsconfig,0.5773502691896257,0.5773502691896258
io_uring_setup prlimit64 sched_setattr,0.5773502691896257,0.5773502691896258
io_uring_setup prlimit64,0.5773502691896257,0.5773502691896258
prlimit64 sched_setattr,0.5773502691896257,0.5773502691896258
syz_mount_image fspick,0.5773502691896257,0.5773502691896258
syz_read_part_table mknod mount,0.5773502691896257,0.5773502691896258
syz_read_part_table mknod,0.5773502691896257,0.5773502691896258
write creat,0.5721923609017601,0.593943628640915
setsockopt setsockopt,0.5677208240693065,0.5502637911519894
pipe socket,0.5666996173139276,0.6313538859247959
getsockname sendmsg sendmsg sendmmsg,0.5646136613325161,0.48180568749714003
sendmsg sendmsg sendmmsg,0.5646136613325161,0.48180568749714003
memfd_create pwritev ioctl sendfile,0.5634921159733124,0.5468740243419741
pwritev ioctl sendfile,0.5634921159733124,0.5468740243419741
ioctl clone ioctl,0.5580381759755383,0.5772791414095664
ioctl clone,0.5580381759755383,0.5772791414095664
clone ioctl,0.5580381759755383,0.5772791414095664
open ioctl,0.5554680458307193,0.5345224838248488
syz_genetlink_get_family_id ioctl sendmsg,0.5462662922310972,0.5231053611601699
socket syz_genetlink_get_family_id ioctl sendmsg,0.5462662922310972,0.5231053611601699
write ioctl ioctl,0.5450852505464195,0.5471169890838451
ioctl perf_event_open,0.5438586606342042,0.5863733863380126
ioctl sendfile ioctl,0.5339164677693249,0.5122819323447919
sendfile ioctl,0.5339164677693249,0.5122819323447919
close socket,0.533711616363787,0.5692711313158189
write splice,0.5212380120153413,0.5816694102347095
perf_event_open syz_io_uring_setup,0.5178120537725615,0.5468740243419741
sendmsg syz_genetlink_get_family_id,0.5102918910287306,0.5157582772011178
open creat ftruncate,0.5078492317620176,0.5163977794943222
fchdir open,0.5078492317620176,0.5163977794943222
fchdir open creat ftruncate,0.5078492317620176,0.5163977794943222
open creat,0.5078492317620176,0.5163977794943222
fchdir open creat,0.5078492317620176,0.5163977794943222
open fchdir,0.5078492317620176,0.5163977794943222
open fchdir open,0.5078492317620176,0.5163977794943222
open fchdir open creat,0.5078492317620176,0.5163977794943222
ioctl ioctl ioctl ioctl,0.4962470952787425,0.39056673294247163
syz_io_uring_setup syz_memcpy_off socketpair,0.49507116119464323,0.5163977794943222
syz_memcpy_off socketpair,0.49507116119464323,0.5163977794943222
socket setsockopt sendto,0.4938068165311674,0.4971895486518877
setsockopt sendto,0.4938068165311674,0.4971895486518877
syz_usb_control_io syz_usb_control_io syz_usb_control_io,0.48836553709385916,0.48507125007266594
setsockopt socket setsockopt,0.48066566549329953,0.45768510646636973
socket setsockopt socket,0.48066566549329953,0.45768510646636973
sendmsg ioctl ioctl,0.4726138069020891,0.4082482904638631
socket sendmsg ioctl,0.4726138069020891,0.4082482904638631
socket sendmsg ioctl ioctl,0.4726138069020891,0.4082482904638631
ioctl ioctl openat,0.46788906735362473,0.438651760174517
syz_mount_image openat write mmap,0.4646596085621042,0.4712493204298683
ioctl ioctl socket,0.4641846121417256,0.4417985622426614
open open mmap,0.4626457598857302,0.45392015063150826
open open mmap fallocate,0.4626457598857302,0.45392015063150826
mmap fallocate write,0.4607255990892504,0.45392015063150826
mmap fallocate write ioctl,0.4607255990892504,0.45392015063150826
fallocate write ioctl,0.4607255990892504,0.45392015063150826
open mmap fallocate write,0.4607255990892504,0.45392015063150826
fallocate write,0.4607255990892504,0.45392015063150826
syz_mount_image syz_mount_image openat,0.4603351732075786,0.4082482904638631
syz_mount_image syz_mount_image openat write,0.4603351732075786,0.4082482904638631
mkdirat openat mount,0.45934529892308085,0.47140452079103173
mkdirat openat mount read,0.45934529892308085,0.47140452079103173
mkdirat openat,0.45934529892308085,0.47140452079103173
socket socket bind,0.45820666654686937,0.45392015063150826
ioctl write ioctl,0.45706697175208577,0.47361221499321543
prlimit64 sched_setscheduler,0.4535678677942614,0.47641677998315346
syz_genetlink_get_family_id socket sendmsg,0.4520462846624169,0.42008402520840293
syz_genetlink_get_family_id socket,0.4520462846624169,0.42008402520840293
ioctl perf_event_open write,0.4494903564239502,0.45392015063150826
perf_event_open write,0.4494903564239502,0.45392015063150826
syz_io_uring_setup syz_io_uring_submit syz_io_uring_submit,0.4478708771394867,0.4082482904638631
syz_io_uring_setup syz_io_uring_submit syz_io_uring_submit io_uring_enter,0.4478708771394867,0.4082482904638631
socketpair socket sendmsg,0.44062191680907636,0.4082482904638631
socketpair socketpair socket sendmsg,0.44062191680907636,0.4082482904638631
socketpair socket,0.44062191680907636,0.4082482904638631
socketpair socketpair socket,0.44062191680907636,0.4082482904638631
openat syz_io_uring_setup,0.43781450342038897,0.4082482904638631
openat openat syz_io_uring_setup syz_io_uring_submit,0.43781450342038897,0.4082482904638631
openat openat syz_io_uring_setup,0.43781450342038897,0.4082482904638631
openat syz_io_uring_setup syz_io_uring_submit,0.43781450342038897,0.4082482904638631
getsockname socket setsockopt,0.43773575678114596,0.4082482904638631
setsockopt getsockname socket,0.43773575678114596,0.4082482904638631
setsockopt getsockname socket setsockopt,0.43773575678114596,0.4082482904638631
setsockopt getsockname,0.43773575678114596,0.4082482904638631
syz_init_net_socket syz_init_net_socket syz_genetlink_get_family_id sendmsg,0.4346908282242771,0.4082482904638631
syz_init_net_socket syz_genetlink_get_family_id sendmsg,0.4346908282242771,0.4082482904638631
syz_memcpy_off syz_io_uring_submit,0.42942298063664097,0.4082482904638631
syz_memcpy_off syz_io_uring_submit io_uring_enter,0.42942298063664097,0.4082482904638631
syz_io_uring_setup syz_memcpy_off syz_io_uring_submit,0.42942298063664097,0.4082482904638631
syz_io_uring_setup syz_memcpy_off syz_io_uring_submit io_uring_enter,0.42942298063664097,0.4082482904638631
open write,0.4291140987619729,0.45064897947703636
syz_open_dev ioctl syz_open_dev ioctl,0.42886000772478644,0.35355339059327373
ioctl syz_open_dev ioctl,0.42886000772478644,0.35355339059327373
write write write,0.4266051841854329,0.35355339059327373
openat write write write,0.4266051841854329,0.35355339059327373
socket connect recvmmsg shutdown,0.42652477538152034,0.4082482904638631
connect recvmmsg shutdown,0.42652477538152034,0.4082482904638631
recvmmsg shutdown,0.42652477538152034,0.4082482904638631
syz_mount_image creat write creat,0.4258541837488335,0.4082482904638631
creat write creat,0.4258541837488335,0.4082482904638631
syz_mount_image creat write,0.4258541837488335,0.4082482904638631
creat write,0.4258541837488335,0.4082482904638631
socket syz_open_dev fcntl ioctl,0.4245355111036693,0.4061809835850343
mmap socket syz_open_dev fcntl,0.4245355111036693,0.4061809835850343
fcntl ioctl ioctl,0.4245355111036693,0.4061809835850343
mmap socket syz_open_dev,0.4245355111036693,0.4061809835850343
socket syz_open_dev fcntl,0.4245355111036693,0.4061809835850343
syz_open_dev fcntl ioctl ioctl,0.4245355111036693,0.4061809835850343
pipe openat2,0.42310734694692137,0.41702882811414954
syz_init_net_socket ioctl,0.4230271651470965,0.4082482904638631
syz_init_net_socket ioctl clone,0.4230271651470965,0.4082482904638631
syz_init_net_socket ioctl clone ioctl,0.4230271651470965,0.4082482904638631
sendmsg sendmsg socket,0.4224173693556836,0.39065212545366546
syz_mount_image setxattr chdir openat,0.4212955394678352,0.4082482904638631
syz_mount_image setxattr chdir,0.4212955394678352,0.4082482904638631
setxattr chdir openat,0.4212955394678352,0.4082482904638631
setxattr chdir,0.4212955394678352,0.4082482904638631
bind connect,0.4198705332334245,0.4398264056274474
openat ioctl openat,0.41655726076383043,0.35355339059327373
ioctl openat ioctl,0.41655726076383043,0.35355339059327373
openat ioctl openat ioctl,0.41655726076383043,0.35355339059327373
socketpair sendmmsg,0.4162540377129893,0.4082482904638631
socket socketpair sendmmsg dup2,0.4162540377129893,0.4082482904638631
socket socketpair sendmmsg,0.4162540377129893,0.4082482904638631
chdir rename openat,0.4162540377129893,0.4082482904638631
sendmmsg dup2,0.4162540377129893,0.4082482904638631
chdir rename,0.4162540377129893,0.4082482904638631
socketpair sendmmsg dup2,0.4162540377129893,0.4082482904638631
rename openat,0.4162540377129893,0.4082482904638631
syz_mount_image chdir rename openat,0.4162540377129893,0.4082482904638631
syz_mount_image chdir rename,0.4162540377129893,0.4082482904638631
mount mount setxattr,0.4130011612609898,0.4082482904638631
syz_mount_image mount mount setxattr,0.4130011612609898,0.4082482904638631
socket write,0.4130011612609898,0.4082482904638631
socket write setsockopt,0.4130011612609898,0.4082482904638631
syz_usb_connect syz_usb_ep_write,0.4130011612609898,0.4082482904638631
syz_usb_connect_ath9k syz_usb_ep_write syz_usb_connect,0.4130011612609898,0.4082482904638631
syz_usb_connect_ath9k syz_usb_ep_write syz_usb_connect syz_usb_ep_write,0.4130011612609898,0.4082482904638631
mount mount,0.4130011612609898,0.4082482904638631
socket write setsockopt sendmsg,0.4130011612609898,0.4082482904638631
write setsockopt sendmsg,0.4130011612609898,0.4082482904638631
syz_usb_ep_write syz_usb_connect,0.4130011612609898,0.4082482904638631
setsockopt sendmsg,0.4130011612609898,0.4082482904638631
mount setxattr,0.4130011612609898,0.4082482904638631
syz_usb_ep_write syz_usb_connect syz_usb_ep_write,0.4130011612609898,0.4082482904638631
syz_mount_image mount mount,0.4130011612609898,0.4082482904638631
mount read write,0.40927147112011353,0.42139759857256776
openat mount read write,0.40927147112011353,0.42139759857256776
read write,0.40927147112011353,0.42139759857256776
shmctl write,0.408248290463863,0.4082482904638631
openat setsockopt,0.408248290463863,0.4082482904638631
recvmmsg syz_init_net_socket,0.408248290463863,0.4082482904638631
setsockopt shmctl write,0.408248290463863,0.4082482904638631
openat setsockopt shmctl,0.408248290463863,0.4082482904638631
openat setsockopt shmctl write,0.408248290463863,0.4082482904638631
setsockopt shmctl,0.408248290463863,0.4082482904638631
bind sendmmsg,0.408248290463863,0.4082482904638631
recvmmsg syz_init_net_socket bind,0.408248290463863,0.4082482904638631
clone perf_event_open unshare,0.408248290463863,0.4082482904638631
unshare timer_settime,0.408248290463863,0.4082482904638631
recvmmsg syz_init_net_socket bind sendmmsg,0.408248290463863,0.4082482904638631
syz_init_net_socket bind,0.408248290463863,0.4082482904638631
syz_init_net_socket bind sendmmsg,0.408248290463863,0.4082482904638631
clone perf_event_open,0.408248290463863,0.4082482904638631
clone perf_event_open unshare timer_settime,0.408248290463863,0.4082482904638631
perf_event_open unshare,0.408248290463863,0.4082482904638631
perf_event_open unshare timer_settime,0.408248290463863,0.4082482904638631
socket ioctl sendmsg socket,0.4030574774075513,0.3333333333333333
ioctl sendmsg socket sendmmsg,0.4030574774075513,0.3333333333333333
open open ftruncate sendfile,0.4022496140003422,0.41827644623057125
open open ftruncate,0.4022496140003422,0.41827644623057125
open ftruncate sendfile,0.4022496140003422,0.41827644623057125
write sendfile,0.3965895007460732,0.4143726516357672
syz_open_dev ioctl ioctl socket,0.38290040278701815,0.3333333333333333
ioctl ioctl socket listen,0.38290040278701815,0.3333333333333333
socket listen,0.38290040278701815,0.3333333333333333
ioctl socket listen,0.38290040278701815,0.3333333333333333
socket socketpair ioctl,0.38123465775918564,0.37439165212459846
socket syz_open_dev syz_open_dev,0.3811814803073261,0.3333333333333333
syz_open_dev syz_open_dev ioctl ioctl,0.3811814803073261,0.3333333333333333
socket syz_open_dev syz_open_dev ioctl,0.3811814803073261,0.3333333333333333
syz_fuse_handle_req syz_fuse_handle_req,0.3803829287735472,0.3713906763541037
socket ioctl setsockopt setsockopt,0.3775120190742493,0.3333333333333333
ioctl setsockopt,0.3775120190742493,0.3333333333333333
socket ioctl setsockopt,0.3775120190742493,0.3333333333333333
ioctl setsockopt setsockopt,0.3775120190742493,0.3333333333333333
socket socket ioctl setsockopt,0.3775120190742493,0.3333333333333333
openat ioctl write,0.3683594616844526,0.3333333333333333
openat ioctl write syz_open_pts,0.3683594616844526,0.3333333333333333
ioctl pread64,0.3594711247132959,0.3333333333333333
ioctl pread64 socket sendmsg,0.3594711247132959,0.3333333333333333
ioctl pread64 socket,0.3594711247132959,0.3333333333333333
syz_open_dev ioctl pread64 socket,0.3594711247132959,0.3333333333333333
pread64 socket,0.3594711247132959,0.3333333333333333
syz_open_dev ioctl pread64,0.3594711247132959,0.3333333333333333
pread64 socket sendmsg,0.3594711247132959,0.3333333333333333
syz_mount_image setxattr setxattr,0.35662700649810297,0.35355339059327373
syz_mount_image setxattr setxattr setxattr,0.35662700649810297,0.35355339059327373
setxattr setxattr setxattr,0.35662700649810297,0.35355339059327373
memfd_create ftruncate,0.35593900175913273,0.3333333333333333
ftruncate ioctl ioctl,0.35593900175913273,0.3333333333333333
memfd_create ftruncate ioctl ioctl,0.35593900175913273,0.3333333333333333
syz_open_dev memfd_create ftruncate ioctl,0.35593900175913273,0.3333333333333333
memfd_create ftruncate ioctl,0.35593900175913273,0.3333333333333333
syz_open_dev memfd_create ftruncate,0.35593900175913273,0.3333333333333333
open_by_handle_at open_by_handle_at,0.35434971592096776,0.3333333333333333
syz_mount_image open open open_by_handle_at,0.35434971592096776,0.3333333333333333
open open_by_handle_at open_by_handle_at,0.35434971592096776,0.3333333333333333
open open_by_handle_at,0.35434971592096776,0.3333333333333333
open open open_by_handle_at open_by_handle_at,0.35434971592096776,0.3333333333333333
open open open_by_handle_at,0.35434971592096776,0.3333333333333333
socket setsockopt socket setsockopt,0.35233859230656056,0.30151134457776363
mmap socket setsockopt socket,0.35233859230656056,0.30151134457776363
socket syz_io_uring_submit syz_io_uring_submit io_uring_enter,0.3483762545810038,0.3333333333333333
socket syz_io_uring_submit syz_io_uring_submit,0.3483762545810038,0.3333333333333333
syz_io_uring_setup socket syz_io_uring_submit syz_io_uring_submit,0.3483762545810038,0.3333333333333333
socket syz_io_uring_submit,0.3483762545810038,0.3333333333333333
syz_io_uring_setup socket syz_io_uring_submit,0.3483762545810038,0.3333333333333333
syz_init_net_socket syz_init_net_socket syz_genetlink_get_family_id syz_genetlink_get_family_id,0.3472675659619872,0.3333333333333333
syz_init_net_socket syz_genetlink_get_family_id syz_genetlink_get_family_id sendmsg,0.3472675659619872,0.3333333333333333
syz_init_net_socket syz_genetlink_get_family_id syz_genetlink_get_family_id,0.3472675659619872,0.3333333333333333
syz_genetlink_get_family_id syz_genetlink_get_family_id,0.3472675659619872,0.3333333333333333
syz_genetlink_get_family_id syz_genetlink_get_family_id sendmsg,0.3472675659619872,0.3333333333333333
openat mmap,0.3454459461956997,0.3333333333333333
mmap syz_usb_connect syz_usb_connect,0.3454459461956997,0.3333333333333333
openat mmap syz_usb_connect,0.3454459461956997,0.3333333333333333
openat mmap syz_usb_connect syz_usb_connect,0.3454459461956997,0.3333333333333333
mmap syz_usb_connect,0.3454459461956997,0.3333333333333333
openat openat mmap,0.3454459461956997,0.3333333333333333
openat openat mmap syz_usb_connect,0.3454459461956997,0.3333333333333333
syz_usb_control_io syz_open_dev,0.3449188984782556,0.3333333333333333
syz_usb_connect syz_usb_connect syz_usb_control_io syz_open_dev,0.3449188984782556,0.3333333333333333
syz_usb_connect syz_usb_connect syz_usb_control_io,0.3449188984782556,0.3333333333333333
syz_usb_control_io syz_open_dev write,0.3449188984782556,0.3333333333333333
syz_usb_connect syz_usb_control_io syz_open_dev,0.3449188984782556,0.3333333333333333
syz_usb_connect syz_usb_control_io syz_open_dev write,0.3449188984782556,0.3333333333333333
socket writev,0.3439540080665765,0.3380617018914066
chdir openat pwritev,0.33764856986337405,0.3333333333333333
openat pwritev,0.33764856986337405,0.3333333333333333
mkdir mount,0.33764856986337405,0.3333333333333333
mount chdir openat pwritev,0.33764856986337405,0.3333333333333333
mkdir mount chdir,0.33764856986337405,0.3333333333333333
mkdir mount chdir openat,0.33764856986337405,0.3333333333333333
mount chdir,0.33764856986337405,0.3333333333333333
mount chdir openat,0.33764856986337405,0.3333333333333333
sendto openat,0.33342902508806477,0.344167489304844
creat fallocate fallocate,0.33333333333333337,0.3333333333333333
sched_setattr bpf creat syz_clone,0.33333333333333337,0.3333333333333333
bpf creat syz_clone fallocate,0.33333333333333337,0.3333333333333333
syz_clone fallocate,0.33333333333333337,0.3333333333333333
creat syz_clone,0.33333333333333337,0.3333333333333333
creat syz_clone fallocate,0.33333333333333337,0.3333333333333333
sched_setattr bpf,0.33333333333333337,0.3333333333333333
sched_setattr bpf creat,0.33333333333333337,0.3333333333333333
sched_setattr ioctl,0.33333333333333337,0.3333333333333333
bpf creat,0.33333333333333337,0.3333333333333333
sched_setattr ioctl read,0.33333333333333337,0.3333333333333333
syz_open_dev perf_event_open sched_setattr,0.33333333333333337,0.3333333333333333
dup mount,0.33333333333333337,0.3333333333333333
dup mount write,0.33333333333333337,0.3333333333333333
io_uring_setup socket io_uring_register,0.33333333333333337,0.3333333333333333
fallocate fallocate,0.33333333333333337,0.3333333333333333
bpf creat syz_clone,0.33333333333333337,0.3333333333333333
perf_event_open sched_setattr,0.33333333333333337,0.3333333333333333
fallocate ioctl,0.33333333333333337,0.3333333333333333
io_uring_register pipe io_uring_register,0.33333333333333337,0.3333333333333333
pipe2 dup mount,0.33333333333333337,0.3333333333333333
pipe2 dup mount write,0.33333333333333337,0.3333333333333333
syz_open_dev perf_event_open,0.33333333333333337,0.3333333333333333
syz_open_dev perf_event_open sched_setattr ioctl,0.33333333333333337,0.3333333333333333
io_uring_setup socket,0.33333333333333337,0.3333333333333333
creat fallocate,0.33333333333333337,0.3333333333333333
io_uring_register pipe,0.33333333333333337,0.3333333333333333
perf_event_open sched_setattr ioctl,0.33333333333333337,0.3333333333333333
pipe io_uring_register,0.33333333333333337,0.3333333333333333
mkdir pipe2,0.33333333333333337,0.3333333333333333
mkdir pipe2 dup,0.33333333333333337,0.3333333333333333
creat fallocate fallocate ioctl,0.33333333333333337,0.3333333333333333
mkdir pipe2 dup mount,0.33333333333333337,0.3333333333333333
perf_event_open sched_setattr ioctl read,0.33333333333333337,0.3333333333333333
fallocate fallocate ioctl,0.33333333333333337,0.3333333333333333
pipe2 dup,0.33333333333333337,0.3333333333333333
ioctl read,0.33333333333333337,0.3333333333333333
socket io_uring_register,0.33333333333333337,0.3333333333333333
socket io_uring_register pipe io_uring_register,0.33333333333333337,0.3333333333333333
socket io_uring_register pipe,0.33333333333333337,0.3333333333333333
openat creat fallocate fallocate,0.33333333333333337,0.3333333333333333
openat creat fallocate,0.33333333333333337,0.3333333333333333
openat creat,0.33333333333333337,0.3333333333333333
mount write,0.33333333333333337,0.3333333333333333
io_uring_setup socket io_uring_register pipe,0.33333333333333337,0.3333333333333333
socket openat,0.32496917278695264,0.32668311914532044
pwritev ioctl sendfile ioctl,0.31970781242416657,0.2886751345948129
ioctl write ioctl ioctl,0.3182261137694002,0.3045813640475121
listen socket setsockopt,0.3123051492404289,0.2886751345948129
socket bind listen socket,0.3123051492404289,0.2886751345948129
bind listen socket,0.3123051492404289,0.2886751345948129
listen socket,0.3123051492404289,0.2886751345948129
bind listen socket setsockopt,0.3123051492404289,0.2886751345948129
listen socket setsockopt sendto,0.3123051492404289,0.2886751345948129
mmap mbind,0.3121668363859406,0.2886751345948129
getuid syz_mount_image openat,0.3121668363859406,0.2886751345948129
openat write mmap mbind,0.3121668363859406,0.2886751345948129
getuid syz_mount_image openat write,0.3121668363859406,0.2886751345948129
write mmap mbind,0.3121668363859406,0.2886751345948129
getuid syz_mount_image,0.3121668363859406,0.2886751345948129
mount_setattr lsetxattr,0.31160631984100556,0.2886751345948129
mount_setattr setxattr,0.31160631984100556,0.2886751345948129
openat mount_setattr setxattr,0.31160631984100556,0.2886751345948129
openat mount_setattr lsetxattr,0.31160631984100556,0.2886751345948129
mount openat mount_setattr setxattr,0.31160631984100556,0.2886751345948129
mount openat mount_setattr lsetxattr,0.31160631984100556,0.2886751345948129
syz_usb_connect_ath9k ioctl,0.31138470177904715,0.30151134457776363
syz_usb_connect_ath9k ioctl syz_usb_ep_write syz_usb_ep_write,0.31138470177904715,0.30151134457776363
ioctl syz_usb_ep_write,0.31138470177904715,0.30151134457776363
ioctl syz_usb_ep_write syz_usb_ep_write,0.31138470177904715,0.30151134457776363
ioctl syz_usb_ep_write syz_usb_ep_write syz_usb_ep_write,0.31138470177904715,0.30151134457776363
syz_usb_connect_ath9k ioctl syz_usb_ep_write,0.31138470177904715,0.30151134457776363
getsockname sendmsg sendmsg socket,0.3095578180231623,0.2581988897471611
sendmsg sendmsg socket sendmmsg,0.3095578180231623,0.2581988897471611
mmap ftruncate ioctl,0.3055883776376407,0.2886751345948129
open mmap ftruncate,0.3055883776376407,0.2886751345948129
syz_mount_image creat open mmap,0.3055883776376407,0.2886751345948129
creat open mmap ftruncate,0.3055883776376407,0.2886751345948129
creat open mmap,0.3055883776376407,0.2886751345948129
open mmap ftruncate ioctl,0.3055883776376407,0.2886751345948129
mmap ftruncate,0.3055883776376407,0.2886751345948129
getsockopt ioctl,0.303517184417458,0.2886751345948129
openat getsockopt,0.303517184417458,0.2886751345948129
getsockopt ioctl write,0.303517184417458,0.2886751345948129
openat getsockopt ioctl,0.303517184417458,0.2886751345948129
openat getsockopt ioctl write,0.303517184417458,0.2886751345948129
getsockopt ioctl write syz_open_pts,0.303517184417458,0.2886751345948129
socket sendmsg syz_genetlink_get_family_id,0.3013641897749446,0.28005601680560194
sendmsg syz_genetlink_get_family_id socket sendmsg,0.3013641897749446,0.28005601680560194
socket sendmsg syz_genetlink_get_family_id socket,0.3013641897749446,0.28005601680560194
syz_genetlink_get_family_id socket sendmsg syz_genetlink_get_family_id,0.3013641897749446,0.28005601680560194
sendmsg syz_genetlink_get_family_id socket,0.3013641897749446,0.28005601680560194
socket syz_open_procfs syz_io_uring_submit sendmmsg,0.29911479690794734,0.2886751345948129
socket syz_open_procfs,0.29911479690794734,0.2886751345948129
socket syz_open_procfs syz_io_uring_submit,0.29911479690794734,0.2886751345948129
syz_io_uring_setup socket syz_open_procfs,0.29911479690794734,0.2886751345948129
syz_io_uring_setup socket syz_open_procfs syz_io_uring_submit,0.29911479690794734,0.2886751345948129
syz_open_procfs syz_io_uring_submit,0.29911479690794734,0.2886751345948129
syz_open_procfs syz_io_uring_submit sendmmsg,0.29911479690794734,0.2886751345948129
syz_open_procfs syz_io_uring_submit sendmmsg io_uring_enter,0.29911479690794734,0.2886751345948129
sendmsg socket sendmsg sendmsg,0.2976646613515427,0.2581988897471611
syz_genetlink_get_family_id ioctl sendmsg socket,0.2976646613515427,0.2581988897471611
socket sendmsg sendmsg,0.2976646613515427,0.2581988897471611
ioctl sendmsg socket sendmsg,0.2976646613515427,0.2581988897471611
syz_memcpy_off io_uring_enter syz_io_uring_submit,0.2903409408872351,0.2886751345948129
io_uring_enter syz_io_uring_submit,0.2903409408872351,0.2886751345948129
munlockall syz_memcpy_off io_uring_enter,0.2903409408872351,0.2886751345948129
syz_io_uring_setup munlockall,0.2903409408872351,0.2886751345948129
syz_io_uring_setup munlockall syz_memcpy_off,0.2903409408872351,0.2886751345948129
syz_io_uring_setup munlockall syz_memcpy_off io_uring_enter,0.2903409408872351,0.2886751345948129
syz_memcpy_off io_uring_enter,0.2903409408872351,0.2886751345948129
perf_event_open syz_io_uring_setup munlockall syz_memcpy_off,0.2903409408872351,0.2886751345948129
munlockall syz_memcpy_off,0.2903409408872351,0.2886751345948129
munlockall syz_memcpy_off io_uring_enter syz_io_uring_submit,0.2903409408872351,0.2886751345948129
perf_event_open syz_io_uring_setup munlockall,0.2903409408872351,0.2886751345948129
preadv openat dup,0.2886751345948128,0.2886751345948129
preadv openat,0.2886751345948128,0.2886751345948129
openat dup,0.2886751345948128,0.2886751345948129
preadv openat dup mmap,0.2886751345948128,0.2886751345948129
openat dup mmap,0.2886751345948128,0.2886751345948129
openat preadv,0.2886751345948128,0.2886751345948129
openat preadv openat,0.2886751345948128,0.2886751345948129
openat dup mmap ioctl,0.2886751345948128,0.2886751345948129
dup mmap,0.2886751345948128,0.2886751345948129
dup mmap ioctl,0.2886751345948128,0.2886751345948129
openat preadv openat dup,0.2886751345948128,0.2886751345948129
mmap ioctl,0.2886751345948128,0.2886751345948129
ioctl syz_open_dev memfd_create pwritev,0.2869707969459504,0.2581988897471611
syz_open_dev ioctl syz_open_dev memfd_create,0.2869707969459504,0.2581988897471611
ioctl syz_open_dev memfd_create,0.2869707969459504,0.2581988897471611
ioctl ioctl syz_open_dev,0.28010400660269724,0.24253562503633297
ioctl syz_open_dev fdatasync,0.28010400660269724,0.24253562503633297
ioctl ioctl syz_open_dev fdatasync,0.28010400660269724,0.24253562503633297
ioctl ioctl ioctl syz_open_dev,0.28010400660269724,0.24253562503633297
syz_open_dev fdatasync,0.28010400660269724,0.24253562503633297
write openat write ioctl,0.27799293889992854,0.24253562503633297
openat write ioctl,0.27799293889992854,0.24253562503633297
openat write ioctl ioctl,0.27799293889992854,0.24253562503633297
write openat write,0.27799293889992854,0.24253562503633297
openat write openat,0.27799293889992854,0.24253562503633297
write ioctl ioctl openat,0.27799293889992854,0.24253562503633297
openat write openat write,0.27799293889992854,0.24253562503633297
write openat,0.27799293889992854,0.24253562503633297
ioctl open,0.27773402291535965,0.2672612419124244
ioctl open ioctl,0.27773402291535965,0.2672612419124244
open ioctl open ioctl,0.27773402291535965,0.2672612419124244
syz_mount_image open open ioctl,0.27773402291535965,0.2672612419124244
open open ioctl open,0.27773402291535965,0.2672612419124244
open open ioctl,0.27773402291535965,0.2672612419124244
open ioctl open,0.27773402291535965,0.2672612419124244
syz_mount_image open fchdir,0.27633299289557467,0.2581988897471611
open creat ftruncate sendfile,0.27633299289557467,0.2581988897471611
creat ftruncate sendfile,0.27633299289557467,0.2581988897471611
syz_mount_image open fchdir open,0.27633299289557467,0.2581988897471611
openat syz_open_dev ioctl ioctl,0.275582392551613,0.24253562503633297
syz_open_dev syz_open_dev ioctl openat,0.275582392551613,0.24253562503633297
syz_open_dev ioctl openat syz_open_dev,0.275582392551613,0.24253562503633297
openat syz_open_dev ioctl,0.275582392551613,0.24253562503633297
syz_open_dev ioctl openat,0.275582392551613,0.24253562503633297
ioctl openat syz_open_dev ioctl,0.275582392551613,0.24253562503633297
openat syz_open_dev,0.275582392551613,0.24253562503633297
ioctl openat syz_open_dev,0.275582392551613,0.24253562503633297
stat open fchdir open,0.2704382164280622,0.2581988897471611
syz_mount_image stat open fchdir,0.2704382164280622,0.2581988897471611
syz_mount_image stat open,0.2704382164280622,0.2581988897471611
syz_mount_image stat,0.2704382164280622,0.2581988897471611
stat open fchdir,0.2704382164280622,0.2581988897471611
stat open,0.2704382164280622,0.2581988897471611
bpf socket ioctl ioctl,0.2702504328200971,0.2581988897471611
bpf socket ioctl,0.2702504328200971,0.2581988897471611
ioctl ioctl sendto,0.2702504328200971,0.2581988897471611
ioctl ioctl sendto close,0.2702504328200971,0.2581988897471611
ioctl sendto,0.2702504328200971,0.2581988897471611
mmap bpf socket ioctl,0.2702504328200971,0.2581988897471611
bpf socket,0.2702504328200971,0.2581988897471611
mmap bpf,0.2702504328200971,0.2581988897471611
mmap bpf socket,0.2702504328200971,0.2581988897471611
sendto close,0.2702504328200971,0.2581988897471611
socket ioctl ioctl sendto,0.2702504328200971,0.2581988897471611
socket ioctl ioctl,0.2702504328200971,0.2581988897471611
ioctl sendto close,0.2702504328200971,0.2581988897471611
socketpair connect syz_io_uring_submit io_uring_enter,0.26715664921693605,0.2581988897471611
perf_event_open syz_io_uring_setup syz_memcpy_off,0.26715664921693605,0.2581988897471611
connect syz_io_uring_submit io_uring_enter,0.26715664921693605,0.2581988897471611
connect syz_io_uring_submit,0.26715664921693605,0.2581988897471611
syz_memcpy_off socketpair connect,0.26715664921693605,0.2581988897471611
syz_io_uring_setup syz_memcpy_off socketpair connect,0.26715664921693605,0.2581988897471611
socketpair connect,0.26715664921693605,0.2581988897471611
perf_event_open syz_io_uring_setup syz_memcpy_off socketpair,0.26715664921693605,0.2581988897471611
socketpair connect syz_io_uring_submit,0.26715664921693605,0.2581988897471611
syz_memcpy_off socketpair connect syz_io_uring_submit,0.26715664921693605,0.2581988897471611
syz_memcpy_off socketpair syz_io_uring_submit,0.26585716783359403,0.2581988897471611
syz_io_uring_setup syz_memcpy_off socketpair syz_io_uring_submit,0.26585716783359403,0.2581988897471611
syz_io_uring_submit io_uring_enter setrlimit shutdown,0.26585716783359403,0.2581988897471611
syz_io_uring_submit io_uring_enter setrlimit,0.26585716783359403,0.2581988897471611
io_uring_enter setrlimit shutdown,0.26585716783359403,0.2581988897471611
setrlimit shutdown,0.26585716783359403,0.2581988897471611
socketpair syz_io_uring_submit io_uring_enter setrlimit,0.26585716783359403,0.2581988897471611
io_uring_enter setrlimit,0.26585716783359403,0.2581988897471611
syz_memcpy_off socketpair syz_io_uring_submit io_uring_enter,0.26585716783359403,0.2581988897471611
socketpair syz_io_uring_submit,0.26585716783359403,0.2581988897471611
socketpair syz_io_uring_submit io_uring_enter,0.26585716783359403,0.2581988897471611
pipe socket open mmap,0.26331409665141503,0.2581988897471611
mmap write,0.26331409665141503,0.2581988897471611
write vmsplice splice,0.26331409665141503,0.2581988897471611
mmap write vmsplice,0.26331409665141503,0.2581988897471611
vmsplice splice,0.26331409665141503,0.2581988897471611
mmap write vmsplice splice,0.26331409665141503,0.2581988897471611
open mmap write,0.26331409665141503,0.2581988897471611
open mmap write vmsplice,0.26331409665141503,0.2581988897471611
pipe socket open,0.26331409665141503,0.2581988897471611
socket open mmap write,0.26331409665141503,0.2581988897471611
socket open mmap,0.26331409665141503,0.2581988897471611
socket open,0.26331409665141503,0.2581988897471611
write vmsplice,0.26331409665141503,0.2581988897471611
ioctl ioctl fsetxattr syz_open_dev,0.2622324471176551,0.2182178902359924
ioctl fsetxattr,0.2622324471176551,0.2182178902359924
ioctl ioctl fsetxattr,0.2622324471176551,0.2182178902359924
ioctl fsetxattr syz_open_dev ioctl,0.2622324471176551,0.2182178902359924
ioctl fsetxattr syz_open_dev,0.2622324471176551,0.2182178902359924
syz_open_dev ioctl ioctl fsetxattr,0.2622324471176551,0.2182178902359924
fsetxattr syz_open_dev ioctl ioctl,0.2622324471176551,0.2182178902359924
fsetxattr syz_open_dev,0.2622324471176551,0.2182178902359924
fsetxattr syz_open_dev ioctl,0.2622324471176551,0.2182178902359924
creat open open mmap,0.261913190173727,0.23570226039551587
creat open open,0.261913190173727,0.23570226039551587
syz_mount_image creat open open,0.261913190173727,0.23570226039551587
sched_setscheduler open write,0.26181876201236726,0.2581988897471611
timer_create timer_settime prlimit64,0.26181876201236726,0.2581988897471611
timer_settime prlimit64 sched_setscheduler,0.26181876201236726,0.2581988897471611
sched_setscheduler open,0.26181876201236726,0.2581988897471611
open write sendfile,0.26181876201236726,0.2581988897471611
prlimit64 sched_setscheduler open,0.26181876201236726,0.2581988897471611
prlimit64 sched_setscheduler open write,0.26181876201236726,0.2581988897471611
timer_settime prlimit64,0.26181876201236726,0.2581988897471611
timer_create timer_settime prlimit64 sched_setscheduler,0.26181876201236726,0.2581988897471611
sched_setscheduler open write sendfile,0.26181876201236726,0.2581988897471611
timer_settime prlimit64 sched_setscheduler open,0.26181876201236726,0.2581988897471611
timer_create timer_settime,0.26181876201236726,0.2581988897471611
ioctl ioctl write,0.26082516328310124,0.22360679774997896
ioctl ioctl ioctl write,0.26082516328310124,0.22360679774997896
fcntl ioctl ioctl ioctl,0.26082516328310124,0.22360679774997896
syz_usb_ep_write syz_usb_ep_write syz_usb_ep_write syz_usb_ep_write,0.2575322378300465,0.24253562503633297
syz_usb_connect_ath9k syz_usb_ep_write syz_usb_ep_write syz_usb_ep_write,0.2575322378300465,0.24253562503633297
syz_usb_connect_ath9k syz_usb_ep_write syz_usb_ep_write,0.2575322378300465,0.24253562503633297
sendfile ioctl ioctl,0.2551284470443509,0.22360679774997896
pwritev ioctl ioctl,0.2551284470443509,0.22360679774997896
ioctl ioctl sendfile ioctl,0.2551284470443509,0.22360679774997896
memfd_create pwritev ioctl ioctl,0.2551284470443509,0.22360679774997896
ioctl ioctl sendfile,0.2551284470443509,0.22360679774997896
pwritev ioctl ioctl sendfile,0.2551284470443509,0.22360679774997896
ioctl sendfile ioctl ioctl,0.2551284470443509,0.22360679774997896
sendmsg sendmsg perf_event_open fsetxattr,0.25198854277859833,0.20851441405707477
sendmsg sendmsg perf_event_open,0.25198854277859833,0.20851441405707477
perf_event_open fsetxattr,0.25198854277859833,0.20851441405707477
sendmsg perf_event_open fsetxattr,0.25198854277859833,0.20851441405707477
sendmsg perf_event_open,0.25198854277859833,0.20851441405707477
getsockname sendmsg sendmsg perf_event_open,0.25198854277859833,0.20851441405707477
syz_open_dev ioctl ioctl perf_event_open,0.2509242832855712,0.23570226039551587
memfd_create syz_open_dev,0.2509242832855712,0.23570226039551587
memfd_create syz_open_dev dup2,0.2509242832855712,0.23570226039551587
dup2 syz_open_dev ioctl,0.2509242832855712,0.23570226039551587
memfd_create syz_open_dev dup2 syz_open_dev,0.2509242832855712,0.23570226039551587
dup2 syz_open_dev ioctl ioctl,0.2509242832855712,0.23570226039551587
dup2 syz_open_dev,0.2509242832855712,0.23570226039551587
syz_open_dev dup2 syz_open_dev ioctl,0.2509242832855712,0.23570226039551587
syz_open_dev dup2 syz_open_dev,0.2509242832855712,0.23570226039551587
syz_open_dev dup2,0.2509242832855712,0.23570226039551587
ioctl ioctl perf_event_open,0.2509242832855712,0.23570226039551587
ioctl ioctl perf_event_open write,0.2509242832855712,0.23570226039551587
write umount2,0.2504469046614494,0.23570226039551587
write umount2 write write,0.2504469046614494,0.23570226039551587
write umount2 write,0.2504469046614494,0.23570226039551587
mount read write umount2,0.2504469046614494,0.23570226039551587
read write umount2,0.2504469046614494,0.23570226039551587
read write umount2 write,0.2504469046614494,0.23570226039551587
umount2 write,0.2504469046614494,0.23570226039551587
umount2 write write,0.2504469046614494,0.23570226039551587
sendmsg syz_genetlink_get_family_id bind sendmsg,0.248036886205362,0.23570226039551587
bind syz_genetlink_get_family_id sendmsg syz_genetlink_get_family_id,0.248036886205362,0.23570226039551587
syz_genetlink_get_family_id bind,0.248036886205362,0.23570226039551587
bind syz_genetlink_get_family_id sendmsg,0.248036886205362,0.23570226039551587
bind syz_genetlink_get_family_id,0.248036886205362,0.23570226039551587
syz_genetlink_get_family_id sendmsg syz_genetlink_get_family_id,0.248036886205362,0.23570226039551587
socket socket bind syz_genetlink_get_family_id,0.248036886205362,0.23570226039551587
syz_genetlink_get_family_id sendmsg syz_genetlink_get_family_id bind,0.248036886205362,0.23570226039551587
syz_genetlink_get_family_id bind sendmsg,0.248036886205362,0.23570226039551587
socket bind syz_genetlink_get_family_id,0.248036886205362,0.23570226039551587
sendmsg syz_genetlink_get_family_id bind,0.248036886205362,0.23570226039551587
bind sendmsg,0.248036886205362,0.23570226039551587
socket bind syz_genetlink_get_family_id sendmsg,0.248036886205362,0.23570226039551587
socketpair ioctl sendmsg socket,0.24528711138884263,0.2182178902359924
socket socketpair ioctl sendmsg,0.24528711138884263,0.2182178902359924
sendmsg socket socket bind,0.24528711138884263,0.2182178902359924
bind getsockname sendmsg,0.24528711138884263,0.2182178902359924
ioctl sendmsg socket socket,0.24528711138884263,0.2182178902359924
socket socket bind getsockname,0.24528711138884263,0.2182178902359924
socket bind getsockname sendmsg,0.24528711138884263,0.2182178902359924
sendmsg socket socket,0.24528711138884263,0.2182178902359924
socketpair ioctl sendmsg,0.24528711138884263,0.2182178902359924
ftruncate sendfile openat,0.2444159822357234,0.23570226039551587
syz_mount_image quotactl,0.2444159822357234,0.23570226039551587
syz_mount_image quotactl open,0.2444159822357234,0.23570226039551587
syz_mount_image quotactl open open,0.2444159822357234,0.23570226039551587
ftruncate sendfile openat syz_mount_image,0.2444159822357234,0.23570226039551587
openat syz_mount_image,0.2444159822357234,0.23570226039551587
open ftruncate sendfile openat,0.2444159822357234,0.23570226039551587
quotactl open,0.2444159822357234,0.23570226039551587
sendfile openat syz_mount_image,0.2444159822357234,0.23570226039551587
quotactl open open,0.2444159822357234,0.23570226039551587
quotactl open open ftruncate,0.2444159822357234,0.23570226039551587
sendfile openat,0.2444159822357234,0.23570226039551587
syz_usb_connect syz_usb_control_io syz_usb_control_io,0.24418276854692958,0.24253562503633297
syz_usb_connect syz_usb_control_io syz_usb_control_io syz_usb_control_io,0.24418276854692958,0.24253562503633297
syz_usb_control_io syz_usb_control_io syz_usb_control_io syz_usb_control_io,0.24418276854692958,0.24253562503633297
write mkdirat,0.24410299101899655,0.23570226039551587
openat mount read pread64,0.24410299101899655,0.23570226039551587
mkdirat write,0.24410299101899655,0.23570226039551587
mount read pread64,0.24410299101899655,0.23570226039551587
mount read pread64 write,0.24410299101899655,0.23570226039551587
write mkdirat write,0.24410299101899655,0.23570226039551587
pread64 write mkdirat,0.24410299101899655,0.23570226039551587
read pread64 write mkdirat,0.24410299101899655,0.23570226039551587
read pread64 write,0.24410299101899655,0.23570226039551587
read pread64,0.24410299101899655,0.23570226039551587
pread64 write,0.24410299101899655,0.23570226039551587
pread64 write mkdirat write,0.24410299101899655,0.23570226039551587
bind connect sendto,0.24212360135108604,0.23570226039551587
writev mmap,0.24212360135108604,0.23570226039551587
sendto openat writev mmap,0.24212360135108604,0.23570226039551587
writev mmap connect,0.24212360135108604,0.23570226039551587
openat writev mmap,0.24212360135108604,0.23570226039551587
openat writev mmap connect,0.24212360135108604,0.23570226039551587
mmap connect,0.24212360135108604,0.23570226039551587
connect sendto openat,0.24212360135108604,0.23570226039551587
socket bind connect sendto,0.24212360135108604,0.23570226039551587
connect sendto openat writev,0.24212360135108604,0.23570226039551587
bind connect sendto openat,0.24212360135108604,0.23570226039551587
connect sendto,0.24212360135108604,0.23570226039551587
sendto openat writev,0.24212360135108604,0.23570226039551587
socket bind connect,0.24212360135108604,0.23570226039551587
creat fcntl io_setup open,0.23875359340833152,0.23570226039551587
syz_mount_image chdir creat,0.23875359340833152,0.23570226039551587
syz_mount_image chdir creat fcntl,0.23875359340833152,0.23570226039551587
open ftruncate io_submit,0.23875359340833152,0.23570226039551587
fcntl io_setup,0.23875359340833152,0.23570226039551587
fcntl io_setup open,0.23875359340833152,0.23570226039551587
fcntl io_setup open ftruncate,0.23875359340833152,0.23570226039551587
chdir creat fcntl io_setup,0.23875359340833152,0.23570226039551587
io_setup open,0.23875359340833152,0.23570226039551587
chdir creat,0.23875359340833152,0.23570226039551587
creat fcntl,0.23875359340833152,0.23570226039551587
io_setup open ftruncate io_submit,0.23875359340833152,0.23570226039551587
ftruncate io_submit,0.23875359340833152,0.23570226039551587
creat fcntl io_setup,0.23875359340833152,0.23570226039551587
io_setup open ftruncate,0.23875359340833152,0.23570226039551587
chdir creat fcntl,0.23875359340833152,0.23570226039551587
accept sendmmsg,0.2364967499818674,0.22360679774997896
setsockopt accept sendmmsg,0.2364967499818674,0.22360679774997896
socket bind setsockopt accept,0.2364967499818674,0.22360679774997896
setsockopt accept,0.2364967499818674,0.22360679774997896
socket bind setsockopt,0.2364967499818674,0.22360679774997896
readv socket bind,0.2364967499818674,0.22360679774997896
sendmmsg readv,0.2364967499818674,0.22360679774997896
sendmmsg readv socket,0.2364967499818674,0.22360679774997896
accept sendmmsg readv,0.2364967499818674,0.22360679774997896
readv socket,0.2364967499818674,0.22360679774997896
sendmmsg readv socket bind,0.2364967499818674,0.22360679774997896
setsockopt accept sendmmsg readv,0.2364967499818674,0.22360679774997896
bind setsockopt accept sendmmsg,0.2364967499818674,0.22360679774997896
bind setsockopt accept,0.2364967499818674,0.22360679774997896
bind setsockopt,0.2364967499818674,0.22360679774997896
accept sendmmsg readv socket,0.2364967499818674,0.22360679774997896
open mmap fallocate openat,0.23619011647794774,0.2182178902359924
fallocate openat openat write,0.23619011647794774,0.2182178902359924
mmap fallocate openat openat,0.23619011647794774,0.2182178902359924
mmap fallocate openat,0.23619011647794774,0.2182178902359924
syz_mount_image open open mmap,0.23619011647794774,0.2182178902359924
openat openat write copy_file_range,0.23619011647794774,0.2182178902359924
openat write copy_file_range,0.23619011647794774,0.2182178902359924
openat openat write,0.23619011647794774,0.2182178902359924
fallocate openat openat,0.23619011647794774,0.2182178902359924
write copy_file_range,0.23619011647794774,0.2182178902359924
fallocate openat,0.23619011647794774,0.2182178902359924
fallocate open mmap,0.23412279299860633,0.2182178902359924
open fallocate open mmap,0.23412279299860633,0.2182178902359924
open fallocate open,0.23412279299860633,0.2182178902359924
open fallocate,0.23412279299860633,0.2182178902359924
creat open fallocate,0.23412279299860633,0.2182178902359924
creat open fallocate open,0.23412279299860633,0.2182178902359924
fallocate open,0.23412279299860633,0.2182178902359924
syz_mount_image creat open fallocate,0.23412279299860633,0.2182178902359924
fallocate open mmap fallocate,0.23412279299860633,0.2182178902359924
setsockopt ioctl,0.23371939001459763,0.21693045781865616
openat write setsockopt,0.23371939001459763,0.21693045781865616
ioctl poll ioctl perf_event_open,0.23301537909912048,0.2182178902359924
ioctl poll ioctl,0.23301537909912048,0.2182178902359924
ioctl poll,0.23301537909912048,0.2182178902359924
poll ioctl perf_event_open,0.23301537909912048,0.2182178902359924
openat openat ioctl ioctl,0.23301537909912048,0.2182178902359924
ioctl ioctl poll ioctl,0.23301537909912048,0.2182178902359924
ioctl ioctl poll,0.23301537909912048,0.2182178902359924
socket openat openat ioctl,0.23301537909912048,0.2182178902359924
socket openat openat,0.23301537909912048,0.2182178902359924
openat openat ioctl,0.23301537909912048,0.2182178902359924
openat ioctl ioctl poll,0.23301537909912048,0.2182178902359924
poll ioctl perf_event_open write,0.23301537909912048,0.2182178902359924
poll ioctl,0.23301537909912048,0.2182178902359924
syz_mount_image creat ftruncate openat,0.2265109155255238,0.2182178902359924
prlimit64 sched_setscheduler sendmsg,0.2265109155255238,0.2182178902359924
prlimit64 sched_setscheduler sendmsg sendmmsg,0.2265109155255238,0.2182178902359924
sendmsg sendmmsg syz_mount_image creat,0.2265109155255238,0.2182178902359924
sendmsg sendmmsg syz_mount_image,0.2265109155255238,0.2182178902359924
sched_setscheduler sendmsg sendmmsg,0.2265109155255238,0.2182178902359924
sched_setscheduler sendmsg sendmmsg syz_mount_image,0.2265109155255238,0.2182178902359924
sendmmsg syz_mount_image,0.2265109155255238,0.2182178902359924
sched_setscheduler sendmsg,0.2265109155255238,0.2182178902359924
syz_mount_image creat ftruncate,0.2265109155255238,0.2182178902359924
sendmmsg syz_mount_image creat ftruncate,0.2265109155255238,0.2182178902359924
ftruncate openat write,0.2265109155255238,0.2182178902359924
ftruncate openat,0.2265109155255238,0.2182178902359924
creat ftruncate openat write,0.2265109155255238,0.2182178902359924
creat ftruncate openat,0.2265109155255238,0.2182178902359924
sendmmsg syz_mount_image creat,0.2265109155255238,0.2182178902359924
openat ioctl ioctl openat,0.2257555265622252,0.19611613513818404
openat close socket ioctl,0.2257555265622252,0.19611613513818404
openat close socket,0.2257555265622252,0.19611613513818404
openat close,0.2257555265622252,0.19611613513818404
socket ioctl write,0.2257555265622252,0.19611613513818404
ioctl openat close socket,0.2257555265622252,0.19611613513818404
ioctl openat close,0.2257555265622252,0.19611613513818404
ioctl ioctl openat close,0.2257555265622252,0.19611613513818404
close socket ioctl write,0.2257555265622252,0.19611613513818404
close socket ioctl,0.2257555265622252,0.19611613513818404
socket ioctl write ioctl,0.2257555265622252,0.19611613513818404
socket setsockopt getsockopt,0.21934742274480482,0.20851441405707477
socket setsockopt sendto perf_event_open,0.21934742274480482,0.20851441405707477
perf_event_open syz_80211_join_ibss socket,0.21934742274480482,0.20851441405707477
perf_event_open syz_80211_join_ibss,0.21934742274480482,0.20851441405707477
sendto perf_event_open,0.21934742274480482,0.20851441405707477
syz_80211_join_ibss socket,0.21934742274480482,0.20851441405707477
sendto perf_event_open syz_80211_join_ibss socket,0.21934742274480482,0.20851441405707477
setsockopt getsockopt,0.21934742274480482,0.20851441405707477
setsockopt getsockopt socket,0.21934742274480482,0.20851441405707477
setsockopt getsockopt socket setsockopt,0.21934742274480482,0.20851441405707477
sendto perf_event_open syz_80211_join_ibss,0.21934742274480482,0.20851441405707477
setsockopt sendto perf_event_open,0.21934742274480482,0.20851441405707477
setsockopt sendto perf_event_open syz_80211_join_ibss,0.21934742274480482,0.20851441405707477
getsockopt socket,0.21934742274480482,0.20851441405707477
getsockopt socket setsockopt,0.21934742274480482,0.20851441405707477
getsockopt socket setsockopt sendto,0.21934742274480482,0.20851441405707477
socket setsockopt getsockopt socket,0.21934742274480482,0.20851441405707477
pipe pipe openat2,0.21155367347346068,0.20851441405707477
pipe pipe,0.21155367347346068,0.20851441405707477
pipe openat2 write write,0.21155367347346068,0.20851441405707477
pipe openat2 write,0.21155367347346068,0.20851441405707477
pipe openat2 pipe pipe,0.21155367347346068,0.20851441405707477
pipe openat2 pipe,0.21155367347346068,0.20851441405707477
openat2 write write,0.21155367347346068,0.20851441405707477
openat2 write write splice,0.21155367347346068,0.20851441405707477
mkdirat pipe openat2 pipe,0.21155367347346068,0.20851441405707477
openat2 pipe pipe openat2,0.21155367347346068,0.20851441405707477
openat2 pipe pipe,0.21155367347346068,0.20851441405707477
openat2 pipe,0.21155367347346068,0.20851441405707477
mkdirat pipe,0.21155367347346068,0.20851441405707477
mkdirat pipe openat2,0.21155367347346068,0.20851441405707477
pipe pipe openat2 write,0.21155367347346068,0.20851441405707477
openat2 write,0.21155367347346068,0.20851441405707477
write write splice,0.21155367347346068,0.20851441405707477
setsockopt bind connect sendmmsg,0.2099261505386238,0.20412414523193154
close socket setsockopt bind,0.2099261505386238,0.20412414523193154
bind connect sendmmsg write,0.2099261505386238,0.20412414523193154
setsockopt bind,0.2099261505386238,0.20412414523193154
bind connect sendmmsg,0.2099261505386238,0.20412414523193154
socket close socket setsockopt,0.2099261505386238,0.20412414523193154
sendmmsg write splice,0.2099261505386238,0.20412414523193154
sendmmsg write,0.2099261505386238,0.20412414523193154
socket close socket,0.2099261505386238,0.20412414523193154
pipe socket close socket,0.2099261505386238,0.20412414523193154
socket close,0.2099261505386238,0.20412414523193154
close socket setsockopt,0.2099261505386238,0.20412414523193154
pipe socket close,0.2099261505386238,0.20412414523193154
socket setsockopt bind connect,0.2099261505386238,0.20412414523193154
socket setsockopt bind,0.2099261505386238,0.20412414523193154
connect sendmmsg write splice,0.2099261505386238,0.20412414523193154
connect sendmmsg write,0.2099261505386238,0.20412414523193154
connect sendmmsg,0.2099261505386238,0.20412414523193154
setsockopt bind connect,0.2099261505386238,0.20412414523193154
mmap open,0.2001829897749718,0.19245008972987526
open write write,0.2001829897749718,0.19245008972987526
syz_mount_image chdir openat,0.2001829897749718,0.19245008972987526
openat write mmap open,0.2001829897749718,0.19245008972987526
open writev mount open,0.2001829897749718,0.19245008972987526
writev mount open write,0.2001829897749718,0.19245008972987526
syz_mount_image chdir openat write,0.2001829897749718,0.19245008972987526
write mmap open,0.2001829897749718,0.19245008972987526
writev mount,0.2001829897749718,0.19245008972987526
mmap open writev,0.2001829897749718,0.19245008972987526
mmap open writev mount,0.2001829897749718,0.19245008972987526
writev mount open,0.2001829897749718,0.19245008972987526
mount open,0.2001829897749718,0.19245008972987526
mount open write write,0.2001829897749718,0.19245008972987526
mount open write,0.2001829897749718,0.19245008972987526
write mmap open writev,0.2001829897749718,0.19245008972987526
open writev,0.2001829897749718,0.19245008972987526
chdir openat write mmap,0.2001829897749718,0.19245008972987526
chdir openat write,0.2001829897749718,0.19245008972987526
open writev mount,0.2001829897749718,0.19245008972987526
syz_open_dev fcntl ioctl bpf,0.19624709416939545,0.18257418583505536
fcntl ioctl bpf,0.19624709416939545,0.18257418583505536
fcntl ioctl bpf syz_open_dev,0.19624709416939545,0.18257418583505536
bpf syz_open_dev fcntl ioctl,0.19624709416939545,0.18257418583505536
bpf syz_open_dev fcntl,0.19624709416939545,0.18257418583505536
bpf syz_open_dev,0.19624709416939545,0.18257418583505536
ioctl bpf,0.19624709416939545,0.18257418583505536
ioctl bpf syz_open_dev,0.19624709416939545,0.18257418583505536
ioctl bpf syz_open_dev fcntl,0.19624709416939545,0.18257418583505536
openat syz_fuse_handle_req,0.1901914643867736,0.18569533817705186
syz_fuse_handle_req openat syz_fuse_handle_req,0.1901914643867736,0.18569533817705186
syz_fuse_handle_req openat,0.1901914643867736,0.18569533817705186
openat syz_fuse_handle_req write creat,0.1901914643867736,0.18569533817705186
read write syz_fuse_handle_req syz_fuse_handle_req,0.1901914643867736,0.18569533817705186
syz_fuse_handle_req openat syz_fuse_handle_req write,0.1901914643867736,0.18569533817705186
write syz_fuse_handle_req syz_fuse_handle_req syz_fuse_handle_req,0.1901914643867736,0.18569533817705186
mount read write syz_fuse_handle_req,0.1901914643867736,0.18569533817705186
syz_fuse_handle_req syz_fuse_handle_req syz_fuse_handle_req openat,0.1901914643867736,0.18569533817705186
read write syz_fuse_handle_req,0.1901914643867736,0.18569533817705186
syz_fuse_handle_req syz_fuse_handle_req openat,0.1901914643867736,0.18569533817705186
syz_fuse_handle_req syz_fuse_handle_req openat syz_fuse_handle_req,0.1901914643867736,0.18569533817705186
syz_fuse_handle_req syz_fuse_handle_req syz_fuse_handle_req,0.1901914643867736,0.18569533817705186
syz_fuse_handle_req write,0.1901914643867736,0.18569533817705186
syz_fuse_handle_req write creat,0.1901914643867736,0.18569533817705186
write syz_fuse_handle_req syz_fuse_handle_req,0.1901914643867736,0.18569533817705186
write syz_fuse_handle_req,0.1901914643867736,0.18569533817705186
openat syz_fuse_handle_req write,0.1901914643867736,0.18569533817705186
open pwritev2 mmap,0.18866236886041116,0.18257418583505536
open pwritev2 mmap creat,0.18866236886041116,0.18257418583505536
sendfile open,0.18866236886041116,0.18257418583505536
open pwritev2,0.18866236886041116,0.18257418583505536
open ftruncate sendfile open,0.18866236886041116,0.18257418583505536
dup write,0.18866236886041116,0.18257418583505536
dup write syz_mount_image,0.18866236886041116,0.18257418583505536
dup write syz_mount_image open,0.18866236886041116,0.18257418583505536
syz_mount_image open open ftruncate,0.18866236886041116,0.18257418583505536
sendfile open pwritev2 mmap,0.18866236886041116,0.18257418583505536
ftruncate sendfile open,0.18866236886041116,0.18257418583505536
ftruncate sendfile open pwritev2,0.18866236886041116,0.18257418583505536
syz_open_dev dup write,0.18866236886041116,0.18257418583505536
syz_open_dev dup write syz_mount_image,0.18866236886041116,0.18257418583505536
mmap creat,0.18866236886041116,0.18257418583505536
syz_open_dev dup,0.18866236886041116,0.18257418583505536
sendfile open pwritev2,0.18866236886041116,0.18257418583505536
write syz_mount_image,0.18866236886041116,0.18257418583505536
write syz_mount_image open,0.18866236886041116,0.18257418583505536
pwritev2 mmap creat,0.18866236886041116,0.18257418583505536
pwritev2 mmap,0.18866236886041116,0.18257418583505536
write syz_mount_image open open,0.18866236886041116,0.18257418583505536
socketpair sched_setaffinity keyctl sync,0.1881046619401714,0.18257418583505536
write mmap sendmmsg,0.1881046619401714,0.18257418583505536
mmap sendmmsg mbind,0.1881046619401714,0.18257418583505536
mmap sendmmsg,0.1881046619401714,0.18257418583505536
socket add_key,0.1881046619401714,0.18257418583505536
add_key syz_mount_image openat write,0.1881046619401714,0.18257418583505536
sendmmsg mbind,0.1881046619401714,0.18257418583505536
keyctl sync socket,0.1881046619401714,0.18257418583505536
write mmap sendmmsg mbind,0.1881046619401714,0.18257418583505536
keyctl sync socket add_key,0.1881046619401714,0.18257418583505536
socket add_key syz_mount_image openat,0.1881046619401714,0.18257418583505536
keyctl sync,0.1881046619401714,0.18257418583505536
sync socket add_key syz_mount_image,0.1881046619401714,0.18257418583505536
sync socket add_key,0.1881046619401714,0.18257418583505536
sync socket,0.1881046619401714,0.18257418583505536
socket add_key syz_mount_image,0.1881046619401714,0.18257418583505536
sched_setaffinity keyctl sync socket,0.1881046619401714,0.18257418583505536
openat write mmap sendmmsg,0.1881046619401714,0.18257418583505536
add_key syz_mount_image openat,0.1881046619401714,0.18257418583505536
sched_setaffinity keyctl,0.1881046619401714,0.18257418583505536
socketpair sched_setaffinity keyctl,0.1881046619401714,0.18257418583505536
socketpair sched_setaffinity,0.1881046619401714,0.18257418583505536
add_key syz_mount_image,0.1881046619401714,0.18257418583505536
sched_setaffinity keyctl sync,0.1881046619401714,0.18257418583505536
sched_setscheduler write,0.17777950983451107,0.1690308509457033
perf_event_open ioctl write ioctl,0.17777950983451107,0.1690308509457033
ioctl pipe ioctl,0.17777950983451107,0.1690308509457033
ioctl pipe,0.17777950983451107,0.1690308509457033
perf_event_open ioctl write,0.17777950983451107,0.1690308509457033
ioctl getpid sched_setscheduler write,0.17777950983451107,0.1690308509457033
ioctl getpid sched_setscheduler,0.17777950983451107,0.1690308509457033
ioctl getpid,0.17777950983451107,0.1690308509457033
ioctl clone ioctl pipe,0.17777950983451107,0.1690308509457033
sched_setscheduler write write,0.17777950983451107,0.1690308509457033
write ioctl clone,0.17777950983451107,0.1690308509457033
write ioctl clone ioctl,0.17777950983451107,0.1690308509457033
write write ioctl,0.17777950983451107,0.1690308509457033
getpid sched_setscheduler write write,0.17777950983451107,0.1690308509457033
ioctl write ioctl getpid,0.17777950983451107,0.1690308509457033
clone ioctl pipe ioctl,0.17777950983451107,0.1690308509457033
clone ioctl pipe,0.17777950983451107,0.1690308509457033
write write ioctl clone,0.17777950983451107,0.1690308509457033
perf_event_open ioctl,0.17777950983451107,0.1690308509457033
pipe ioctl,0.17777950983451107,0.1690308509457033
write ioctl getpid,0.17777950983451107,0.1690308509457033
write ioctl getpid sched_setscheduler,0.17777950983451107,0.1690308509457033
sched_setscheduler write write ioctl,0.17777950983451107,0.1690308509457033
getpid sched_setscheduler,0.17777950983451107,0.1690308509457033
getpid sched_setscheduler write,0.17777950983451107,0.1690308509457033
close socket writev sendmsg,0.17197700403328825,0.1690308509457033
write close socket writev,0.17197700403328825,0.1690308509457033
write splice syz_init_net_socket connect,0.17197700403328825,0.1690308509457033
write splice syz_init_net_socket,0.17197700403328825,0.1690308509457033
writev sendmsg write,0.17197700403328825,0.1690308509457033
writev sendmsg,0.17197700403328825,0.1690308509457033
writev write,0.17197700403328825,0.1690308509457033
write close socket,0.17197700403328825,0.1690308509457033
write close,0.17197700403328825,0.1690308509457033
writev sendmsg write splice,0.17197700403328825,0.1690308509457033
writev write close,0.17197700403328825,0.1690308509457033
close socket writev,0.17197700403328825,0.1690308509457033
socket writev sendmsg write,0.17197700403328825,0.1690308509457033
writev write close socket,0.17197700403328825,0.1690308509457033
sendmsg write splice,0.17197700403328825,0.1690308509457033
socket writev write,0.17197700403328825,0.1690308509457033
splice syz_init_net_socket connect shutdown,0.17197700403328825,0.1690308509457033
pipe socket writev,0.17197700403328825,0.1690308509457033
splice syz_init_net_socket,0.17197700403328825,0.1690308509457033
pipe socket writev write,0.17197700403328825,0.1690308509457033
sendmsg write splice syz_init_net_socket,0.17197700403328825,0.1690308509457033
sendmsg write,0.17197700403328825,0.1690308509457033
splice syz_init_net_socket connect,0.17197700403328825,0.1690308509457033
socket writev write close,0.17197700403328825,0.1690308509457033
socket writev sendmsg,0.17197700403328825,0.1690308509457033
ioctl ioctl ioctl fcntl,0.1654156984262475,0.13018891098082389
ioctl fcntl,0.1654156984262475,0.13018891098082389
ioctl ioctl fcntl write,0.1654156984262475,0.13018891098082389
ioctl ioctl fcntl,0.1654156984262475,0.13018891098082389
ioctl fcntl write,0.1654156984262475,0.13018891098082389
fcntl write,0.1654156984262475,0.13018891098082389
openat ioctl ioctl ioctl,0.1654156984262475,0.13018891098082389
write sendfile mmap,0.16516568015294575,0.15617376188860607
setsockopt socket socketpair,0.16516568015294575,0.15617376188860607
write sendfile mmap socketpair,0.16516568015294575,0.15617376188860607
ioctl write sendfile mmap,0.16516568015294575,0.15617376188860607
ioctl write sendfile,0.16516568015294575,0.15617376188860607
setsockopt socket socketpair ioctl,0.16516568015294575,0.15617376188860607
syz_genetlink_get_family_id sendmsg ioctl write,0.16516568015294575,0.15617376188860607
setsockopt socket setsockopt socket,0.16516568015294575,0.15617376188860607
socket syz_genetlink_get_family_id sendmsg,0.16516568015294575,0.15617376188860607
mmap socketpair setsockopt,0.16516568015294575,0.15617376188860607
mmap socketpair,0.16516568015294575,0.15617376188860607
syz_genetlink_get_family_id sendmsg ioctl,0.16516568015294575,0.15617376188860607
mmap socketpair setsockopt socket,0.16516568015294575,0.15617376188860607
sendfile mmap,0.16516568015294575,0.15617376188860607
sendfile mmap socketpair,0.16516568015294575,0.15617376188860607
socketpair setsockopt socket setsockopt,0.16516568015294575,0.15617376188860607
socketpair setsockopt socket,0.16516568015294575,0.15617376188860607
socket setsockopt socket socketpair,0.16516568015294575,0.15617376188860607
socketpair setsockopt,0.16516568015294575,0.15617376188860607
sendfile mmap socketpair setsockopt,0.16516568015294575,0.15617376188860607
socketpair ioctl socket,0.16516568015294575,0.15617376188860607
sendmsg ioctl write sendfile,0.16516568015294575,0.15617376188860607
sendmsg ioctl write,0.16516568015294575,0.15617376188860607
socket socketpair ioctl socket,0.16516568015294575,0.15617376188860607
socket syz_genetlink_get_family_id sendmsg ioctl,0.16516568015294575,0.15617376188860607
socket syz_genetlink_get_family_id ioctl socket,0.1452339615775775,0.13245323570650439
syz_genetlink_get_family_id ioctl sendmsg syz_80211_join_ibss,0.1452339615775775,0.13245323570650439
syz_genetlink_get_family_id ioctl socket syz_genetlink_get_family_id,0.1452339615775775,0.13245323570650439
ioctl sendmsg syz_80211_join_ibss,0.1452339615775775,0.13245323570650439
syz_genetlink_get_family_id ioctl sendmsg sendmsg,0.1452339615775775,0.13245323570650439
sendmsg syz_80211_join_ibss,0.1452339615775775,0.13245323570650439
ioctl socket syz_genetlink_get_family_id ioctl,0.1452339615775775,0.13245323570650439
sendmsg socket syz_genetlink_get_family_id ioctl,0.1452339615775775,0.13245323570650439
sendmsg socket syz_genetlink_get_family_id,0.1452339615775775,0.13245323570650439
sendmsg sendmsg socket syz_genetlink_get_family_id,0.1452339615775775,0.13245323570650439
syz_genetlink_get_family_id ioctl socket,0.1452339615775775,0.13245323570650439
ioctl socket syz_genetlink_get_family_id,0.1452339615775775,0.13245323570650439
ioctl sendmsg sendmsg,0.1452339615775775,0.13245323570650439
ioctl sendmsg sendmsg socket,0.1452339615775775,0.13245323570650439
close unshare,0.13527196110580714,0.13245323570650439
socket mbind,0.13527196110580714,0.13245323570650439
close unshare lsetxattr write,0.13527196110580714,0.13245323570650439
close unshare lsetxattr,0.13527196110580714,0.13245323570650439
unshare lsetxattr write ioctl,0.13527196110580714,0.13245323570650439
unshare lsetxattr write,0.13527196110580714,0.13245323570650439
write futex,0.13527196110580714,0.13245323570650439
perf_event_open fcntl syz_open_dev,0.13527196110580714,0.13245323570650439
perf_event_open fcntl,0.13527196110580714,0.13245323570650439
write ioctl write,0.13527196110580714,0.13245323570650439
write ioctl write futex,0.13527196110580714,0.13245323570650439
socket mbind ioctl,0.13527196110580714,0.13245323570650439
socket mbind ioctl perf_event_open,0.13527196110580714,0.13245323570650439
perf_event_open fcntl syz_open_dev ioctl,0.13527196110580714,0.13245323570650439
perf_event_open timer_create,0.13527196110580714,0.13245323570650439
perf_event_open timer_create gettid,0.13527196110580714,0.13245323570650439
perf_event_open timer_create gettid close,0.13527196110580714,0.13245323570650439
unlink socket perf_event_open fcntl,0.13527196110580714,0.13245323570650439
unshare lsetxattr,0.13527196110580714,0.13245323570650439
syz_open_dev fcntl unlink socket,0.13527196110580714,0.13245323570650439
syz_open_dev fcntl unlink,0.13527196110580714,0.13245323570650439
unlink socket,0.13527196110580714,0.13245323570650439
fcntl syz_open_dev,0.13527196110580714,0.13245323570650439
fcntl syz_open_dev ioctl,0.13527196110580714,0.13245323570650439
fcntl syz_open_dev ioctl socket,0.13527196110580714,0.13245323570650439
fcntl unlink,0.13527196110580714,0.13245323570650439
fcntl unlink socket,0.13527196110580714,0.13245323570650439
fcntl unlink socket perf_event_open,0.13527196110580714,0.13245323570650439
mbind ioctl,0.13527196110580714,0.13245323570650439
lsetxattr write ioctl write,0.13527196110580714,0.13245323570650439
lsetxattr write ioctl,0.13527196110580714,0.13245323570650439
ioctl write futex,0.13527196110580714,0.13245323570650439
mbind ioctl perf_event_open timer_create,0.13527196110580714,0.13245323570650439
gettid close,0.13527196110580714,0.13245323570650439
gettid close unshare,0.13527196110580714,0.13245323570650439
gettid close unshare lsetxattr,0.13527196110580714,0.13245323570650439
ioctl socket mbind ioctl,0.13527196110580714,0.13245323570650439
ioctl socket mbind,0.13527196110580714,0.13245323570650439
syz_open_dev ioctl socket mbind,0.13527196110580714,0.13245323570650439
syz_open_dev ioctl socket,0.13527196110580714,0.13245323570650439
ioctl perf_event_open timer_create,0.13527196110580714,0.13245323570650439
ioctl perf_event_open timer_create gettid,0.13527196110580714,0.13245323570650439
mbind ioctl perf_event_open,0.13527196110580714,0.13245323570650439
lsetxattr write,0.13527196110580714,0.13245323570650439
socket perf_event_open fcntl syz_open_dev,0.13527196110580714,0.13245323570650439
timer_create gettid close,0.13527196110580714,0.13245323570650439
socket perf_event_open,0.13527196110580714,0.13245323570650439
socket perf_event_open fcntl,0.13527196110580714,0.13245323570650439
timer_create gettid close unshare,0.13527196110580714,0.13245323570650439
unlink socket perf_event_open,0.13527196110580714,0.13245323570650439
timer_create gettid,0.13527196110580714,0.13245323570650439
openat write setsockopt setsockopt,0.11685969500729881,0.10846522890932808
ioctl ioctl getsockopt,0.11685969500729881,0.10846522890932808
bind sendto openat write,0.11685969500729881,0.10846522890932808
bind sendto openat,0.11685969500729881,0.10846522890932808
bind sendto,0.11685969500729881,0.10846522890932808
ioctl socket bind,0.11685969500729881,0.10846522890932808
ioctl getsockopt,0.11685969500729881,0.10846522890932808
sendmsg openat write setsockopt,0.11685969500729881,0.10846522890932808
sendmsg openat write,0.11685969500729881,0.10846522890932808
ioctl getsockopt sendmsg,0.11685969500729881,0.10846522890932808
ioctl getsockopt sendmsg openat,0.11685969500729881,0.10846522890932808
ioctl ioctl getsockopt sendmsg,0.11685969500729881,0.10846522890932808
setsockopt readv,0.11685969500729881,0.10846522890932808
setsockopt setsockopt setsockopt readv,0.11685969500729881,0.10846522890932808
setsockopt setsockopt setsockopt,0.11685969500729881,0.10846522890932808
setsockopt setsockopt readv,0.11685969500729881,0.10846522890932808
socket openat write getsockopt,0.11685969500729881,0.10846522890932808
sendmsg openat,0.11685969500729881,0.10846522890932808
setsockopt ioctl write,0.11685969500729881,0.10846522890932808
ioctl ioctl socket bind,0.11685969500729881,0.10846522890932808
setsockopt ioctl ioctl getsockopt,0.11685969500729881,0.10846522890932808
setsockopt ioctl ioctl,0.11685969500729881,0.10846522890932808
ioctl socket bind sendto,0.11685969500729881,0.10846522890932808
setsockopt ioctl write ioctl,0.11685969500729881,0.10846522890932808
openat write setsockopt ioctl,0.11685969500729881,0.10846522890932808
sendto openat write setsockopt,0.11685969500729881,0.10846522890932808
openat write getsockopt setsockopt,0.11685969500729881,0.10846522890932808
openat write getsockopt,0.11685969500729881,0.10846522890932808
sendto openat write,0.11685969500729881,0.10846522890932808
write getsockopt setsockopt ioctl,0.11685969500729881,0.10846522890932808
write getsockopt setsockopt,0.11685969500729881,0.10846522890932808
write getsockopt,0.11685969500729881,0.10846522890932808
getsockopt sendmsg,0.11685969500729881,0.10846522890932808
write setsockopt ioctl,0.11685969500729881,0.10846522890932808
write setsockopt ioctl write,0.11685969500729881,0.10846522890932808
getsockopt sendmsg openat,0.11685969500729881,0.10846522890932808
write setsockopt setsockopt,0.11685969500729881,0.10846522890932808
write setsockopt setsockopt setsockopt,0.11685969500729881,0.10846522890932808
getsockopt sendmsg openat write,0.11685969500729881,0.10846522890932808
getsockopt setsockopt,0.11685969500729881,0.10846522890932808
getsockopt setsockopt ioctl,0.11685969500729881,0.10846522890932808
getsockopt setsockopt ioctl ioctl,0.11685969500729881,0.10846522890932808
write ioctl ioctl socket,0.11685969500729881,0.10846522890932808
socket bind sendto,0.11685969500729881,0.10846522890932808
socket openat write,0.11685969500729881,0.10846522890932808
socket bind sendto openat,0.11685969500729881,0.10846522890932808
